transaction_id,transaction_date,journal_no,line_no,account_id,account_name,debit,credit,customer_id,customer_name,inv_no,vendor_id,vendor_name,vend_inv_no,term,due_date
ea66c06c1e1c05fa9f1aa39d98dc5bc1,2025-01-31,1,1,1100,Accounts Receivable,10000,0,1,Alpha Retail Co.,inv0001,,,,30,2025-02-28
98c6f2c2287f4c73cea3d40ae7ec3ff2,2025-01-31,1,2,3000,Revenue,0,10000,1,Alpha Retail Co.,,,,,,
8fbdbf5573b18fae93736180f8d0197a,2025-01-31,2,1,1100,Accounts Receivable,10000,0,2,Beta Solutions Ltd.,inv0002,,,,30,2025-02-28
3c46a0407be60a1f00731ab8e9575df2,2025-01-31,2,2,3000,Revenue,0,10000,2,Beta Solutions Ltd.,,,,,,
c9e6e7b69f98f516a54cfe2c9e25fb3f,2025-01-31,3,1,1100,Accounts Receivable,15000,0,3,Clearview Trading,inv0003,,,,60,2025-03-31
b772d43b49bb57b596d0343c33bcffec,2025-01-31,3,2,3000,Revenue,0,15000,3,Clearview Trading,,,,,,
74bdefab9757a081606b181ac29f1db2,2025-01-31,4,1,1100,Accounts Receivable,4000,0,4,Delta Services Inc.,inv0004,,,,30,2025-02-28
2f5bb7747efda0546636fb385a3fa593,2025-01-31,4,2,3000,Revenue,0,4000,4,Delta Services Inc.,,,,,,
19a1de167122a18af369c749f4e40a48,2025-01-31,5,1,1100,Accounts Receivable,8000,0,5,Evergreen Distributors,inv0005,,,,30,2025-02-28
dca19ffa163054feef33432fad5f9833,2025-01-31,5,2,3000,Revenue,0,8000,5,Evergreen Distributors,,,,,,
0299c06aed970473ae41d986b308cd09,2025-01-31,6,1,1100,Accounts Receivable,10000,0,6,Falcon Technologies,inv0006,,,,60,2025-03-31
17380ddb842e984302034e1bb66c24e4,2025-01-31,6,2,3000,Revenue,0,10000,6,Falcon Technologies,,,,,,
a514839c4971406ff865a3f340e4ea36,2025-01-31,7,1,1100,Accounts Receivable,30000,0,7,Grandline Logistics,inv0007,,,,90,2025-04-30
6ab5dbc886d46770a86e6cc0be54a9d1,2025-01-31,7,2,3000,Revenue,0,30000,7,Grandline Logistics,,,,,,
9634715ca7e046cdd0fc857cdc38dcb6,2025-01-31,8,1,1100,Accounts Receivable,20000,0,8,Horizon Foods,inv0008,,,,30,2025-02-28
1981e4a762b39858dc33f9ea28ed065a,2025-01-31,8,2,3000,Revenue,0,20000,8,Horizon Foods,,,,,,
b00bdaf8d970b7df664953f63a698374,2025-01-31,9,1,1100,Accounts Receivable,10000,0,9,Inspire Consulting,inv0009,,,,30,2025-02-28
435c44c266bc0c05f7b6f48e7a454f1c,2025-01-31,9,2,3000,Revenue,0,10000,9,Inspire Consulting,,,,,,
09e25c12765906f32fefca6a9f366e15,2025-01-31,10,1,1100,Accounts Receivable,7000,0,10,Jetstream Media,inv0010,,,,30,2025-02-28
80d2b8bbb1d9fbb8aec70c802cc67bad,2025-01-31,10,2,3000,Revenue,0,7000,10,Jetstream Media,,,,,,
421d13c7ecd67604cedbe44f88dd1f61,2025-01-31,11,1,2000,Accounts Payable,0,5000,,,,1,Apex Supply Co.,pay0001,30,2025-02-28
a12f16c644039099699332e247f11ec0,2025-01-31,11,2,4000,Expenses,5000,0,,,,1,Apex Supply Co.,,,
1f289cd1a244a837b3d946160b49e54d,2025-01-31,12,1,2000,Accounts Payable,0,5000,,,,2,Bluewave Materials,pay0002,30,2025-02-28
2a0270f3b3a57f49c195a7f2b0736564,2025-01-31,12,2,4000,Expenses,5000,0,,,,2,Bluewave Materials,,,
2fe6766a6b2f487e07c03af228aca558,2025-01-31,13,1,2000,Accounts Payable,0,5000,,,,3,Crestline Partners,pay0003,30,2025-02-28
4905abb61a5590581594942eec248f63,2025-01-31,13,2,4000,Expenses,5000,0,,,,3,Crestline Partners,,,
96ec418403fce800c1189c76812e3dd5,2025-01-31,14,1,2000,Accounts Payable,0,5000,,,,4,Dynamic Components,pay0004,30,2025-02-28
8d7b45e20880eea04dfc0063fee7586b,2025-01-31,14,2,4000,Expenses,5000,0,,,,4,Dynamic Components,,,
8d501acf45a17771119f1ce8f3f9ecaf,2025-01-31,15,1,2000,Accounts Payable,0,5000,,,,5,Elite Resources,pay0005,30,2025-02-28
4c52f5a2b25535b01cfeba2fbbc5731b,2025-01-31,15,2,4000,Expenses,5000,0,,,,5,Elite Resources,,,
1be65ab2215710e443b1b005b55b28dd,2025-01-31,16,1,2000,Accounts Payable,0,5000,,,,6,Frontier Systems,pay0006,30,2025-02-28
dd5dbb65de618ba161be62a1986204a6,2025-01-31,16,2,4000,Expenses,5000,0,,,,6,Frontier Systems,,,
1e43a134085e58c411f78053d28e7ffb,2025-01-31,17,1,2000,Accounts Payable,0,5000,,,,7,Greenfield Traders,pay0007,30,2025-02-28
932dd7fd72960ca014ad844b9f51e88a,2025-01-31,17,2,4000,Expenses,5000,0,,,,7,Greenfield Traders,,,
2a333fb6706694a6b0cb9cca04f89a3f,2025-01-31,18,1,2000,Accounts Payable,0,5000,,,,8,Helios Services,pay0008,30,2025-02-28
6e1d7418f141c7ef5c0612c53dbe4efd,2025-01-31,18,2,4000,Expenses,5000,0,,,,8,Helios Services,,,
ea315d01eb7940a6e515f9fb7b4c2bf9,2025-01-31,19,1,2000,Accounts Payable,0,5000,,,,9,Ironclad Equipments,pay0009,30,2025-02-28
ab8a2d57e83c48858b4894e334280f41,2025-01-31,19,2,4000,Expenses,5000,0,,,,9,Ironclad Equipments,,,
68c80239ab1670291ef7399136e8c332,2025-01-31,20,1,2000,Accounts Payable,0,5000,,,,10,Jupiter Supplies,pay0010,30,2025-02-28
1b24ae634e38115896c578c172c56be7,2025-01-31,20,2,4000,Expenses,5000,0,,,,10,Jupiter Supplies,,,
24bd34f78e62ee2fe89a3a4830966e42,2025-02-28,21,1,1100,Accounts Receivable,0,10000,1,Alpha Retail Co.,inv0001,,,,,
9f80bbb77b4306aadb7e6703166a79c4,2025-02-28,21,2,1000,Cash,10000,0,,,,,,,,
45f2485d21ebb8d819cc86cfc53155af,2025-02-28,22,1,1100,Accounts Receivable,0,10000,2,Beta Solutions Ltd.,inv0002,,,,,
0498b82c0acefdaa4316cf3956463a13,2025-02-28,22,2,1000,Cash,10000,0,,,,,,,,
8d5f91988a77a5d2fda474a186a5e928,2025-02-28,24,1,1100,Accounts Receivable,0,4000,4,Delta Services Inc.,inv0004,,,,,
fab92536f6bdab878e6f64bbc8922b10,2025-02-28,24,2,1000,Cash,4000,0,,,,,,,,
a4db1a6f766cc7621f1a5dd7146d5ef4,2025-02-28,25,1,1100,Accounts Receivable,0,8000,5,Evergreen Distributors,inv0005,,,,,
71561dfff6cdcc7d7d811a7af5639c0d,2025-02-28,25,2,1000,Cash,8000,0,,,,,,,,
973c6b6a147db555e9cb4e0b634c807c,2025-02-28,28,1,1100,Accounts Receivable,0,20000,8,Horizon Foods,inv0008,,,,,
b3b5f358e1e39c178be242eeb5d6bb28,2025-02-28,28,2,1000,Cash,20000,0,,,,,,,,
4faba388ca02e0e88ffa0963eeab1114,2025-02-28,29,1,1100,Accounts Receivable,0,10000,9,Inspire Consulting,inv0009,,,,,
6c43ecf13c1a25639d2afc216718064a,2025-02-28,29,2,1000,Cash,10000,0,,,,,,,,
dd7bb1073d209be82c8e9d22381eab52,2025-02-28,30,1,1100,Accounts Receivable,0,7000,10,Jetstream Media,inv0010,,,,,
36b4933212584f083ea522210f72f971,2025-02-28,30,2,1000,Cash,7000,0,,,,,,,,
6ca455c1d8b2b75bb903533b6fe52b20,2025-02-28,31,1,1100,Accounts Receivable,9500,0,1,Alpha Retail Co.,inv0011,,,,30,2025-03-31
4b9756f6fd50a36265d670d45eb60f7d,2025-02-28,31,2,3000,Revenue,0,9500,1,Alpha Retail Co.,,,,,,
f6f026693c994810ddbe0671dcbbffc9,2025-02-28,32,1,1100,Accounts Receivable,11000,0,2,Beta Solutions Ltd.,inv0012,,,,30,2025-03-31
0c56fd30bf7c6a0301f1867a90ca9941,2025-02-28,32,2,3000,Revenue,0,11000,2,Beta Solutions Ltd.,,,,,,
bd9849b1fcc5fe3de9aec8c14e289253,2025-02-28,33,1,1100,Accounts Receivable,13500,0,3,Clearview Trading,inv0013,,,,60,2025-04-30
6926a26d4ae056ef2e0e413b4bb54fcc,2025-02-28,33,2,3000,Revenue,0,13500,3,Clearview Trading,,,,,,
8a4ac393c0ae433c0d3f1f15dc3700c3,2025-02-28,34,1,1100,Accounts Receivable,5000,0,4,Delta Services Inc.,inv0014,,,,30,2025-03-31
c958eea7eb591d022b5c9b3c776d966f,2025-02-28,34,2,3000,Revenue,0,5000,4,Delta Services Inc.,,,,,,
b3b0820183cae19152db799d876b29a7,2025-02-28,35,1,1100,Accounts Receivable,7000,0,5,Evergreen Distributors,inv0015,,,,30,2025-03-31
e2c78449ffeaa841192af815887c4cbd,2025-02-28,35,2,3000,Revenue,0,7000,5,Evergreen Distributors,,,,,,
83889fb735843a6ca254429332bd2035,2025-02-28,36,1,1100,Accounts Receivable,10000,0,6,Falcon Technologies,inv0016,,,,60,2025-04-30
d29d68c51ea36c532b872660b5d0c88a,2025-02-28,36,2,3000,Revenue,0,10000,6,Falcon Technologies,,,,,,
0c45deaabb05bd329342dff03b7578e5,2025-02-28,37,1,1100,Accounts Receivable,31000,0,7,Grandline Logistics,inv0017,,,,90,2025-05-31
566172ec24ba0aa3b059b3396e023a5d,2025-02-28,37,2,3000,Revenue,0,31000,7,Grandline Logistics,,,,,,
000acb4351c4aaad0044f6f9c01e6336,2025-02-28,38,1,1100,Accounts Receivable,20000,0,8,Horizon Foods,inv0018,,,,30,2025-03-31
f7c7fae5046e20f0397c982da54cb8f2,2025-02-28,38,2,3000,Revenue,0,20000,8,Horizon Foods,,,,,,
409e43abebebd6066025300f0b2b0be2,2025-02-28,39,1,1100,Accounts Receivable,10000,0,9,Inspire Consulting,inv0019,,,,30,2025-03-31
7e03613dfc687c8b423a229a6a27fe0b,2025-02-28,39,2,3000,Revenue,0,10000,9,Inspire Consulting,,,,,,
2c8761846079c2fed5f588b54b8726f6,2025-02-28,40,1,1100,Accounts Receivable,7500,0,10,Jetstream Media,inv0020,,,,30,2025-03-31
b43db4bfe4bfd1be3e6610e4c5483b7e,2025-02-28,40,2,3000,Revenue,0,7500,10,Jetstream Media,,,,,,
3adf23c4244d55acf13c05ca44e418f9,2025-02-28,41,1,2000,Accounts Payable,5000,0,,,,1,Apex Supply Co.,pay0001,,
8d56aa1926a8f7467206d344333ed3be,2025-02-28,41,2,1000,Cash,0,5000,,,,1,Apex Supply Co.,,,
9542edcd86310a69c7e9bad587f0a91f,2025-02-28,42,1,2000,Accounts Payable,5000,0,,,,2,Bluewave Materials,pay0002,,
f1344968874366d7bc792ed7ee42dd8d,2025-02-28,42,2,1000,Cash,0,5000,,,,2,Bluewave Materials,,,
4b4fb4402471cd1db3a6f8d3717c4c9e,2025-02-28,43,1,2000,Accounts Payable,5000,0,,,,3,Crestline Partners,pay0003,,
43bf760f36fd83b6e5431c528d208dfc,2025-02-28,43,2,1000,Cash,0,5000,,,,3,Crestline Partners,,,
1acab7f224ecf07fd07683d2f6072207,2025-02-28,44,1,2000,Accounts Payable,5000,0,,,,4,Dynamic Components,pay0004,,
8a72756e437a86e31af4e1048d310dde,2025-02-28,44,2,1000,Cash,0,5000,,,,4,Dynamic Components,,,
daff5f9c8e6f7a893a0d0ed5d78eb785,2025-02-28,45,1,2000,Accounts Payable,5000,0,,,,5,Elite Resources,pay0005,,
b9420f4a4968c675c2d20f6adf8766b2,2025-02-28,45,2,1000,Cash,0,5000,,,,5,Elite Resources,,,
a28d2297fc0cd51c3e3768d29b9236fe,2025-02-28,46,1,2000,Accounts Payable,5000,0,,,,6,Frontier Systems,pay0006,,
7f8ce5b9cc3bfd75905a7699323a3eca,2025-02-28,46,2,1000,Cash,0,5000,,,,6,Frontier Systems,,,
9084983526ed348508b95702ad27747a,2025-02-28,47,1,2000,Accounts Payable,5000,0,,,,7,Greenfield Traders,pay0007,,
25deab229f8626fc2cc9ff815ab17467,2025-02-28,47,2,1000,Cash,0,5000,,,,7,Greenfield Traders,,,
4cd3736ac723f5f742b3d5d94d4669d9,2025-02-28,48,1,2000,Accounts Payable,5000,0,,,,8,Helios Services,pay0008,,
566146db3ccbaf24f75cdb25e2b61d2d,2025-02-28,48,2,1000,Cash,0,5000,,,,8,Helios Services,,,
b094ea80d58f89046364406a572c5f9f,2025-02-28,49,1,2000,Accounts Payable,5000,0,,,,9,Ironclad Equipments,pay0009,,
884132207a5792b6d52ade567a58537e,2025-02-28,49,2,1000,Cash,0,5000,,,,9,Ironclad Equipments,,,
ec87268cab1e044f4da2bdccd0b3feeb,2025-02-28,50,1,2000,Accounts Payable,5000,0,,,,10,Jupiter Supplies,pay0010,,
dac67e372cd5320df4f2ef10cbba596e,2025-02-28,50,2,1000,Cash,0,5000,,,,10,Jupiter Supplies,,,
4c8dff40823e8b84e675b71f970d6350,2025-02-28,51,1,2000,Accounts Payable,0,4500,,,,1,Apex Supply Co.,pay0011,30,2025-03-31
3cc538e3b7823e92f6adf821e05b10af,2025-02-28,51,2,4000,Expenses,4500,0,,,,1,Apex Supply Co.,,,
02f742c56b8cdcec19ff141f23425393,2025-02-28,52,1,2000,Accounts Payable,0,5200,,,,2,Bluewave Materials,pay0012,30,2025-03-31
5f258d51df4e1cb390c315df1dd5a5cb,2025-02-28,52,2,4000,Expenses,5200,0,,,,2,Bluewave Materials,,,
41362b6deef7ad60f4a24d0df3b6723c,2025-02-28,53,1,2000,Accounts Payable,0,5000,,,,3,Crestline Partners,pay0013,30,2025-03-31
833de580ef290e6ae56d695fa8acb660,2025-02-28,53,2,4000,Expenses,5000,0,,,,3,Crestline Partners,,,
44e51272c69b8fddce18c71c0fca88a1,2025-02-28,54,1,2000,Accounts Payable,0,5000,,,,4,Dynamic Components,pay0014,30,2025-03-31
af4bb0c180da7c135d008dd3993f7ae9,2025-02-28,54,2,4000,Expenses,5000,0,,,,4,Dynamic Components,,,
b9d1490f03227a004189e9ca549ca801,2025-02-28,55,1,2000,Accounts Payable,0,6000,,,,5,Elite Resources,pay0015,30,2025-03-31
45ae7e1342aab7488f1e1dba1099785f,2025-02-28,55,2,4000,Expenses,6000,0,,,,5,Elite Resources,,,
28f3494ddd3e4b688c1880e2a790b2ea,2025-02-28,56,1,2000,Accounts Payable,0,4000,,,,6,Frontier Systems,pay0016,30,2025-03-31
91be1511ad11100c003ba3a1533a61e8,2025-02-28,56,2,4000,Expenses,4000,0,,,,6,Frontier Systems,,,
7af0b9103d4de78028ebb873388afdd6,2025-02-28,57,1,2000,Accounts Payable,0,4300,,,,7,Greenfield Traders,pay0017,30,2025-03-31
4b90addd805c9bf160d934e78915c726,2025-02-28,57,2,4000,Expenses,4300,0,,,,7,Greenfield Traders,,,
c137f587e5cfc38107f62166f2429fa5,2025-02-28,58,1,2000,Accounts Payable,0,5000,,,,8,Helios Services,pay0018,30,2025-03-31
19e1608af5964c5c24a688c1d3a580d8,2025-02-28,58,2,4000,Expenses,5000,0,,,,8,Helios Services,,,
497e783de8eddc8f79aac4b49aff434f,2025-02-28,59,1,2000,Accounts Payable,0,5000,,,,9,Ironclad Equipments,pay0019,30,2025-03-31
81844e4d4d59000351a4c765334289b2,2025-02-28,59,2,4000,Expenses,5000,0,,,,9,Ironclad Equipments,,,
7f75b7f0bf7a0c40d10e357120f9f699,2025-02-28,60,1,2000,Accounts Payable,0,5400,,,,10,Jupiter Supplies,pay0020,30,2025-03-31
7a80920f44da1ce9e1ae1dd78c5b8a99,2025-02-28,60,2,4000,Expenses,5400,0,,,,10,Jupiter Supplies,,,
a02a6479ee17ada669fd713d24b227bb,2025-03-31,61,1,1100,Accounts Receivable,0,9500,1,Alpha Retail Co.,inv0011,,,,,
310be98b95a3b068c81f4a1ea9f528d3,2025-03-31,61,2,1000,Cash,9500,0,,,,,,,,
492546bf203573e8437a64b4f18a8b37,2025-03-31,62,1,1100,Accounts Receivable,0,11000,2,Beta Solutions Ltd.,inv0012,,,,,
71bc3a33d409c7357022f7fee62e9767,2025-03-31,62,2,1000,Cash,11000,0,,,,,,,,
cd2e5810bab2c762ef3d6c31629be566,2025-03-31,63,1,1100,Accounts Receivable,0,15000,3,Clearview Trading,inv0003,,,,,
e3b888176af3542543c3f7c982253db7,2025-03-31,63,2,1000,Cash,15000,0,,,,,,,,
bf796ba3d6587b599d5babbab366450a,2025-03-31,64,1,1100,Accounts Receivable,0,5000,4,Delta Services Inc.,inv0014,,,,,
1570d01dee2a49de4deea44e2abdf0f5,2025-03-31,64,2,1000,Cash,5000,0,,,,,,,,
45c27d705ba19c708e51281058f41c2a,2025-03-31,65,1,1100,Accounts Receivable,0,7000,5,Evergreen Distributors,inv0015,,,,,
635d8a09330ef73bb6d7b0fb5ae33819,2025-03-31,65,2,1000,Cash,7000,0,,,,,,,,
fe93d3fefa543fb578edb5babe91896b,2025-03-31,66,1,1100,Accounts Receivable,0,10000,6,Falcon Technologies,inv0006,,,,,
9fbd023796be70d1ddca5acb20de0eb6,2025-03-31,66,2,1000,Cash,10000,0,,,,,,,,
897cb201ac922a1f9ed6e6f9082e84f5,2025-03-31,67,1,1100,Accounts Receivable,0,20000,8,Horizon Foods,inv0018,,,,,
5d3e0e49ec1bb7eae34653dd42b522da,2025-03-31,67,2,1000,Cash,20000,0,,,,,,,,
617749acca249edf9c735e1f467b59bc,2025-03-31,68,1,1100,Accounts Receivable,0,10000,9,Inspire Consulting,inv0019,,,,,
4068542611a47234878b5e8cd251f3b0,2025-03-31,68,2,1000,Cash,10000,0,,,,,,,,
d3f2714956033b261d3047d755a4aeef,2025-03-31,69,1,1100,Accounts Receivable,0,7500,10,Jetstream Media,inv0020,,,,,
c3bde07ce691e37cdce2b67ac1c28bcb,2025-03-31,69,2,1000,Cash,7500,0,,,,,,,,
12ffefbc98ba768bf0cd250c6a1c0e4b,2025-03-31,70,1,1100,Accounts Receivable,9500,0,1,Alpha Retail Co.,inv0021,,,,30,2025-04-30
32cc325837b5188aa056db3f454cf40c,2025-03-31,70,2,3000,Revenue,0,9500,1,Alpha Retail Co.,,,,,,
df8830d8cb40aea807180815f005d1bf,2025-03-31,71,1,1100,Accounts Receivable,12000,0,2,Beta Solutions Ltd.,inv0022,,,,30,2025-04-30
76b97b37d4e972601bcf64e38ab6e330,2025-03-31,71,2,3000,Revenue,0,12000,2,Beta Solutions Ltd.,,,,,,
dde73c66c39af90a2db494a6f65e2590,2025-03-31,72,1,1100,Accounts Receivable,15000,0,3,Clearview Trading,inv0023,,,,60,2025-05-31
67a8a00d83b9f4694d909cc5a75351eb,2025-03-31,72,2,3000,Revenue,0,15000,3,Clearview Trading,,,,,,
35f3001d0a59eed661f72312b5867380,2025-03-31,73,1,1100,Accounts Receivable,6000,0,4,Delta Services Inc.,inv0024,,,,30,2025-04-30
f7b8de24286db85d03c0bf33297e05dc,2025-03-31,73,2,3000,Revenue,0,6000,4,Delta Services Inc.,,,,,,
c8bbe0acc656ab12efe89288e0db2fed,2025-03-31,74,1,1100,Accounts Receivable,7000,0,5,Evergreen Distributors,inv0025,,,,30,2025-04-30
a613ab5b0a175295685b2be990d10371,2025-03-31,74,2,3000,Revenue,0,7000,5,Evergreen Distributors,,,,,,
6f93c5dbd891eb772a67148187790535,2025-03-31,75,1,1100,Accounts Receivable,10000,0,6,Falcon Technologies,inv0026,,,,60,2025-05-31
393f546d2278ff3e4f473ff3876e99f3,2025-03-31,75,2,3000,Revenue,0,10000,6,Falcon Technologies,,,,,,
064513f58829176a041a70e0b53714c3,2025-03-31,76,1,1100,Accounts Receivable,29000,0,7,Grandline Logistics,inv0027,,,,90,2025-06-30
d846fa3a867fbfcd6126ec118f1e425d,2025-03-31,76,2,3000,Revenue,0,29000,7,Grandline Logistics,,,,,,
ddddc0cca52b96c35e779c90edb5a60f,2025-03-31,77,1,1100,Accounts Receivable,20000,0,8,Horizon Foods,inv0028,,,,30,2025-04-30
e0ac9333871d9ce66fc3bffcd886cd5f,2025-03-31,77,2,3000,Revenue,0,20000,8,Horizon Foods,,,,,,
5bc35ec6610cffc269bdeb131c61bc9b,2025-03-31,78,1,1100,Accounts Receivable,10000,0,9,Inspire Consulting,inv0029,,,,30,2025-04-30
4aa0ea5145f2ae9b9384171b6b7a8a49,2025-03-31,78,2,3000,Revenue,0,10000,9,Inspire Consulting,,,,,,
5d2b776ff0b61192df484df1874bb9e9,2025-03-31,79,1,1100,Accounts Receivable,7500,0,10,Jetstream Media,inv0030,,,,30,2025-04-30
0361ee2e63fca6347d15fc849c78bacd,2025-03-31,79,2,3000,Revenue,0,7500,10,Jetstream Media,,,,,,
7937fa36f42cfbf52d27b6b7d1b10b6e,2025-03-31,80,1,2000,Accounts Payable,4500,0,,,,1,Apex Supply Co.,pay0011,,
02f8926d8cd9f56e808e212e30020ac5,2025-03-31,80,2,1000,Cash,0,4500,,,,,,,,
48620cb04f65a7f28c77708c15fc9ab6,2025-03-31,81,1,2000,Accounts Payable,5200,0,,,,2,Bluewave Materials,pay0012,,
f2c4c73cb23f5d7bc040ee75cb7f2059,2025-03-31,81,2,1000,Cash,0,5200,,,,,,,,
30105a0d064268cc4babaec49bcce243,2025-03-31,82,1,2000,Accounts Payable,5000,0,,,,3,Crestline Partners,pay0013,,
a5a2501dfe9fdc7d75ab97360a50036e,2025-03-31,82,2,1000,Cash,0,5000,,,,,,,,
ed5ae195657b173c22b9101d959cf921,2025-03-31,83,1,2000,Accounts Payable,5000,0,,,,4,Dynamic Components,pay0014,,
02067481205318b288845edc93b5d383,2025-03-31,83,2,1000,Cash,0,5000,,,,,,,,
abcc4c3ef4f587c7e08d58da0101437c,2025-03-31,84,1,2000,Accounts Payable,6000,0,,,,5,Elite Resources,pay0015,,
aeeadd159f40491ddcf2bfebf0e905c4,2025-03-31,84,2,1000,Cash,0,6000,,,,,,,,
459341648bd2befbc1f23c595dc1aa69,2025-03-31,85,1,2000,Accounts Payable,4000,0,,,,6,Frontier Systems,pay0016,,
e1f3266da194dada7fd08078e40a1ef9,2025-03-31,85,2,1000,Cash,0,4000,,,,,,,,
dda11eeae60c669e948123b4d1471dd0,2025-03-31,86,1,2000,Accounts Payable,4300,0,,,,7,Greenfield Traders,pay0017,,
37b2a130a6a5e09b28147739589ce0c7,2025-03-31,86,2,1000,Cash,0,4300,,,,,,,,
8c1912f0add847586edcb164df699bb1,2025-03-31,87,1,2000,Accounts Payable,5000,0,,,,8,Helios Services,pay0018,,
f3ab39341c32680e25048b44c8698cac,2025-03-31,87,2,1000,Cash,0,5000,,,,,,,,
3ea6633e0fc1c06505a7c4fc852325f8,2025-03-31,88,1,2000,Accounts Payable,5000,0,,,,9,Ironclad Equipments,pay0019,,
5a47b49cabbefe582305d50f05ecb7fb,2025-03-31,88,2,1000,Cash,0,5000,,,,,,,,
9b94786f254cadd9e5afa8d5a2622575,2025-03-31,89,1,2000,Accounts Payable,5400,0,,,,10,Jupiter Supplies,pay0020,,
c6cd0b59f06f3aafad3c7e91982d7feb,2025-03-31,89,2,1000,Cash,0,5400,,,,,,,,
ac908a14ac8df18a1d3deb0a68099efc,2025-03-31,90,1,2000,Accounts Payable,0,4500,,,,1,Apex Supply Co.,pay0021,30,2025-04-30
c1108aa3f0f798f680c2afa7fa2de7b2,2025-03-31,90,2,4000,Expenses,4500,0,,,,1,Apex Supply Co.,,,
b498d32bd92e865df9183985b972308b,2025-03-31,91,1,2000,Accounts Payable,0,5100,,,,2,Bluewave Materials,pay0022,30,2025-04-30
a9f57325d576229720b5b3db27b43298,2025-03-31,91,2,4000,Expenses,5100,0,,,,2,Bluewave Materials,,,
76c1545938f3a19e02533ff7b254e153,2025-03-31,92,1,2000,Accounts Payable,0,4950,,,,3,Crestline Partners,pay0023,30,2025-04-30
ea5b3903f9511a3a454c64490a99e935,2025-03-31,92,2,4000,Expenses,4950,0,,,,3,Crestline Partners,,,
91d17f448c25021eb121adf938c4affd,2025-03-31,93,1,2000,Accounts Payable,0,5000,,,,4,Dynamic Components,pay0024,30,2025-04-30
93b7c01e4e7e3d7dff58b3a312cd4509,2025-03-31,93,2,4000,Expenses,5000,0,,,,4,Dynamic Components,,,
8d1f6c2aff4cd30cb9e2b2cf8e168088,2025-03-31,94,1,2000,Accounts Payable,0,6150,,,,5,Elite Resources,pay0025,30,2025-04-30
0978fe9bc90824e173ba0f8f886f608d,2025-03-31,94,2,4000,Expenses,6150,0,,,,5,Elite Resources,,,
cd34f81d613a408c260cdbd1201d897d,2025-03-31,95,1,2000,Accounts Payable,0,4000,,,,6,Frontier Systems,pay0026,30,2025-04-30
3946b71a148f42862bd79a9054b428d0,2025-03-31,95,2,4000,Expenses,4000,0,,,,6,Frontier Systems,,,
30770f81a667cfe9e9681efdfe15196b,2025-03-31,96,1,2000,Accounts Payable,0,4300,,,,7,Greenfield Traders,pay0027,30,2025-04-30
246c336a28a5a863e71ff72f0d9750fe,2025-03-31,96,2,4000,Expenses,4300,0,,,,7,Greenfield Traders,,,
020eac5bc7be4656f52be171e5d1b5af,2025-03-31,97,1,2000,Accounts Payable,0,4400,,,,8,Helios Services,pay0028,30,2025-04-30
b085bae0ae8a54bb19a7c61fc81f301a,2025-03-31,97,2,4000,Expenses,4400,0,,,,8,Helios Services,,,
28b86acb13d6b8bdedbbac74ecced906,2025-03-31,98,1,2000,Accounts Payable,0,5500,,,,9,Ironclad Equipments,pay0029,30,2025-04-30
c07b641db5a3e4da88bdbb2e765e85bd,2025-03-31,98,2,4000,Expenses,5500,0,,,,9,Ironclad Equipments,,,
329c2f99fa5628c4137ee98dcfe66fd5,2025-03-31,99,1,2000,Accounts Payable,0,5400,,,,10,Jupiter Supplies,pay0030,30,2025-04-30
d199bbdccb8752a0d325cac7ce39508a,2025-03-31,99,2,4000,Expenses,5400,0,,,,10,Jupiter Supplies,,,
77c32878c6fe916f4ad27eae832464b5,2025-04-30,100,1,1100,Accounts Receivable,0,9500,1,Alpha Retail Co.,inv0021,,,,,
9fc2476999a37d4e36cbe4f206122495,2025-04-30,100,2,1000,Cash,9500,0,,,,,,,,
051e21c8bd545d933707dfc7b281fa1c,2025-04-30,101,1,1100,Accounts Receivable,0,13500,3,Clearview Trading,inv0013,,,,,
3512ea0a8a07a87e7d37030f44a0a9b4,2025-04-30,101,2,1000,Cash,13500,0,,,,,,,,
7504895894fa71d3db891481d385353d,2025-04-30,102,1,1100,Accounts Receivable,0,6000,4,Delta Services Inc.,inv0024,,,,,
55b5c6b18c10eb15109926cf6b9b0c5d,2025-04-30,102,2,1000,Cash,6000,0,,,,,,,,
0a5b39dd845ba860f573b300c88283a0,2025-04-30,103,1,1100,Accounts Receivable,0,7000,5,Evergreen Distributors,inv0025,,,,,
b5c83494e5facc8b9e31422415a7e6f1,2025-04-30,103,2,1000,Cash,7000,0,,,,,,,,
363d3c92660e944afe43ad2b729711bb,2025-04-30,104,1,1100,Accounts Receivable,0,10000,6,Falcon Technologies,inv0016,,,,,
21c60a7de6ab7c60b23677360443b944,2025-04-30,104,2,1000,Cash,10000,0,,,,,,,,
39c77e184d25d389c811b3594ca7fed7,2025-04-30,105,1,1100,Accounts Receivable,0,30000,7,Grandline Logistics,inv0007,,,,,
532fa9df7037f408b70f5d79a7b5b66d,2025-04-30,105,2,1000,Cash,30000,0,,,,,,,,
3c518f3d73fcd99c40715c794a4f0738,2025-04-30,106,1,1100,Accounts Receivable,0,20000,8,Horizon Foods,inv0028,,,,,
fca074cdaaeaaf83e64181dcce82b80a,2025-04-30,106,2,1000,Cash,20000,0,,,,,,,,
66935dd73fd446559e0dcfb0e8c3afde,2025-04-30,107,1,1100,Accounts Receivable,0,10000,9,Inspire Consulting,inv0029,,,,,
1cd8d8b4885681a6ad6d629986df2fc6,2025-04-30,107,2,1000,Cash,10000,0,,,,,,,,
e61688ffe36d6fb607994c6a842ce9d4,2025-04-30,108,1,1100,Accounts Receivable,0,7500,10,Jetstream Media,inv0030,,,,,
f7f669c4fe35df1802b3ac8d00410038,2025-04-30,108,2,1000,Cash,7500,0,,,,,,,,
6b08a7593d75babf445e1870dfda74cd,2025-04-30,109,1,1100,Accounts Receivable,9200,0,1,Alpha Retail Co.,inv0031,,,,30,2025-05-31
82a46eb52c0cdd09534a35a85d90834c,2025-04-30,109,2,3000,Revenue,0,9200,1,Alpha Retail Co.,,,,,,
5b7ed78fb905545b01a166926333f5e3,2025-04-30,110,1,1100,Accounts Receivable,11700,0,2,Beta Solutions Ltd.,inv0032,,,,30,2025-05-31
9bcc91a71be9fc72e5ccbe6742d9d52c,2025-04-30,110,2,3000,Revenue,0,11700,2,Beta Solutions Ltd.,,,,,,
cbb13564a6bdd7c9ed451cfc685239cf,2025-04-30,111,1,1100,Accounts Receivable,14300,0,3,Clearview Trading,inv0033,,,,60,2025-06-30
8075433201c209dd5f302726938430cc,2025-04-30,111,2,3000,Revenue,0,14300,3,Clearview Trading,,,,,,
1359ab244478694f542b4bdda5ee1e16,2025-04-30,112,1,1100,Accounts Receivable,5950,0,4,Delta Services Inc.,inv0034,,,,30,2025-05-31
d94734d4dce55ca208650de7d4317202,2025-04-30,112,2,3000,Revenue,0,5950,4,Delta Services Inc.,,,,,,
0bd1d27a4c3f32fd58b560ef1c6cb77d,2025-04-30,113,1,1100,Accounts Receivable,7700,0,5,Evergreen Distributors,inv0035,,,,30,2025-05-31
0903dd401ec96a91bfd85f6103433f8b,2025-04-30,113,2,3000,Revenue,0,7700,5,Evergreen Distributors,,,,,,
dd5dd0c136dbd206572f328b7e5ca847,2025-04-30,114,1,1100,Accounts Receivable,9700,0,6,Falcon Technologies,inv0036,,,,60,2025-06-30
b0b96b891be9a7bb08fc262ba2b57d9b,2025-04-30,114,2,3000,Revenue,0,9700,6,Falcon Technologies,,,,,,
00207f7d597dec91b24de2d37d791e10,2025-04-30,115,1,1100,Accounts Receivable,28400,0,7,Grandline Logistics,inv0037,,,,90,2025-07-31
258939d8309556c898a3afa3eeeb5aa5,2025-04-30,115,2,3000,Revenue,0,28400,7,Grandline Logistics,,,,,,
b8ea01f213ebe871721a9197416233e5,2025-04-30,116,1,1100,Accounts Receivable,20500,0,8,Horizon Foods,inv0038,,,,30,2025-05-31
02b8598cf268f7ad1102812ead9753f7,2025-04-30,116,2,3000,Revenue,0,20500,8,Horizon Foods,,,,,,
594081e576a1c8c750a639c24dbdb64c,2025-04-30,117,1,1100,Accounts Receivable,11000,0,9,Inspire Consulting,inv0039,,,,30,2025-05-31
96c9859d9cfb9fa9ceda59bca7f7e155,2025-04-30,117,2,3000,Revenue,0,11000,9,Inspire Consulting,,,,,,
2127d7d2a7cd38459b372a221499ced8,2025-04-30,118,1,1100,Accounts Receivable,7800,0,10,Jetstream Media,inv0040,,,,30,2025-05-31
7cc612ecee459248fe071bef44ff5c35,2025-04-30,118,2,3000,Revenue,0,7800,10,Jetstream Media,,,,,,
5fe1ab2aed70da6c0dba4db8c1f82ae3,2025-04-30,119,1,2000,Accounts Payable,4500,0,,,,1,Apex Supply Co.,pay0021,,
37b90a18681237608f64810bef4ed4e3,2025-04-30,119,2,1000,Cash,0,4500,,,,1,Apex Supply Co.,,,
8334bd15bdbaf504dee529e85f1925d1,2025-04-30,120,1,2000,Accounts Payable,5100,0,,,,2,Bluewave Materials,pay0022,,
d1cc48e4d170b379ac1ab3ec18e795ae,2025-04-30,120,2,1000,Cash,0,5100,,,,2,Bluewave Materials,,,
676498685a1be4382b3597f1663eee3e,2025-04-30,121,1,2000,Accounts Payable,4950,0,,,,3,Crestline Partners,pay0023,,
d1279e96cb73896ba3322afcd3f58d81,2025-04-30,121,2,1000,Cash,0,4950,,,,3,Crestline Partners,,,
6badf84e00c85faa4be7f0c7f49a6ac0,2025-04-30,122,1,2000,Accounts Payable,5000,0,,,,4,Dynamic Components,pay0024,,
e3d0cfaae202666e58d3ae1987da04aa,2025-04-30,122,2,1000,Cash,0,5000,,,,4,Dynamic Components,,,
dcd693e6c07b3c0965fae11ce76e9119,2025-04-30,123,1,2000,Accounts Payable,6150,0,,,,5,Elite Resources,pay0025,,
18b0955a45bac000ed4cd6c65e2dbb34,2025-04-30,123,2,1000,Cash,0,6150,,,,5,Elite Resources,,,
90bf861f9333ea5ba253986d38e509c8,2025-04-30,124,1,2000,Accounts Payable,4000,0,,,,6,Frontier Systems,pay0026,,
473cf67b672f6ba3d14b806542698e7a,2025-04-30,124,2,1000,Cash,0,4000,,,,6,Frontier Systems,,,
0ad0fba53ce08660aae2525dc4bc5e1f,2025-04-30,125,1,2000,Accounts Payable,4300,0,,,,7,Greenfield Traders,pay0027,,
2fd7a1c5b6b8a990c18bc5e265e209e1,2025-04-30,125,2,1000,Cash,0,4300,,,,7,Greenfield Traders,,,
99f3c15b47efbc9d3abd026d5f899d11,2025-04-30,126,1,2000,Accounts Payable,4400,0,,,,8,Helios Services,pay0028,,
828581ea410747f48561b1153de257d8,2025-04-30,126,2,1000,Cash,0,4400,,,,8,Helios Services,,,
9f52ce01d1619b80d33046b6aa0fede3,2025-04-30,127,1,2000,Accounts Payable,5500,0,,,,9,Ironclad Equipments,pay0029,,
d656b97e91f897ffefbcedc21bd37793,2025-04-30,127,2,1000,Cash,0,5500,,,,9,Ironclad Equipments,,,
d91fba8c523772eb063d9403567a65af,2025-04-30,128,1,2000,Accounts Payable,5400,0,,,,10,Jupiter Supplies,pay0030,,
4d0f0185c57a26af99a6ca787457b305,2025-04-30,128,2,1000,Cash,0,5400,,,,10,Jupiter Supplies,,,
4774bf9b5780208d0d6a17b1220f6409,2025-04-30,129,1,2000,Accounts Payable,0,4300,,,,1,Apex Supply Co.,pay0031,30,2025-05-31
c406a0a58df52c425c7abd60e0744323,2025-04-30,129,2,4000,Expenses,4300,0,,,,1,Apex Supply Co.,,,
7ce26cddf27819970e20906d4da4a6e8,2025-04-30,130,1,2000,Accounts Payable,0,5200,,,,2,Bluewave Materials,pay0032,30,2025-05-31
7fe558dee682ffcef2fcee3a39444bb5,2025-04-30,130,2,4000,Expenses,5200,0,,,,2,Bluewave Materials,,,
dd0616c56e29f91356914cd9a648ed81,2025-04-30,131,1,2000,Accounts Payable,0,5100,,,,3,Crestline Partners,pay0033,30,2025-05-31
1ac2df080f704eefa7a9e0091d989ad5,2025-04-30,131,2,4000,Expenses,5100,0,,,,3,Crestline Partners,,,
0ca72354031fdcab52be127ddba6b048,2025-04-30,132,1,2000,Accounts Payable,0,4850,,,,4,Dynamic Components,pay0034,30,2025-05-31
aff3fbcbc4f1f6f4eb46a0d65614a410,2025-04-30,132,2,4000,Expenses,4850,0,,,,4,Dynamic Components,,,
38566a25236a5c9dfb137762675a2d89,2025-04-30,133,1,2000,Accounts Payable,0,5950,,,,5,Elite Resources,pay0035,30,2025-05-31
f379678e21e456b29bfb30b6064519e8,2025-04-30,133,2,4000,Expenses,5950,0,,,,5,Elite Resources,,,
5aeba6a976b8fe7b9cc03cba552ef97f,2025-04-30,134,1,2000,Accounts Payable,0,4500,,,,6,Frontier Systems,pay0036,30,2025-05-31
91cf8d9830a90600a7ef55597a2f382a,2025-04-30,134,2,4000,Expenses,4500,0,,,,6,Frontier Systems,,,
af32346c1a1657a4ef7b7713a2d42603,2025-04-30,135,1,2000,Accounts Payable,0,4100,,,,7,Greenfield Traders,pay0037,30,2025-05-31
dc71d3202955ef13062d935afa819589,2025-04-30,135,2,4000,Expenses,4100,0,,,,7,Greenfield Traders,,,
14377db6dc29474b727986df1e7b3a7d,2025-04-30,136,1,2000,Accounts Payable,0,4450,,,,8,Helios Services,pay0038,30,2025-05-31
36838053b3f91d10391f3b5353ee7ce4,2025-04-30,136,2,4000,Expenses,4450,0,,,,8,Helios Services,,,
9be808cf5e1b72b72ae41555c35a4cb5,2025-04-30,137,1,2000,Accounts Payable,0,5500,,,,9,Ironclad Equipments,pay0039,30,2025-05-31
f2a6500e15a95f13d7a453968ebbca80,2025-04-30,137,2,4000,Expenses,5500,0,,,,9,Ironclad Equipments,,,
6f7da3394ed264050a7adf0fcfe17482,2025-04-30,138,1,2000,Accounts Payable,0,5250,,,,10,Jupiter Supplies,pay0040,30,2025-05-31
9db1434b00194298bb781af8ba5dd375,2025-04-30,138,2,4000,Expenses,5250,0,,,,10,Jupiter Supplies,,,
bed2259bff48d4a9d5cbc90595ce9ec1,2025-05-31,139,1,1100,Accounts Receivable,0,9200,1,Alpha Retail Co.,inv0031,,,,,
4844e261389b1a6b8503c4fb357efeda,2025-05-31,139,2,1000,Cash,9200,0,,,,,,,,
6996f02aab24dff4c94ac67f4e9c1bf7,2025-05-31,140,1,1100,Accounts Receivable,0,15000,3,Clearview Trading,inv0023,,,,,
6d8e8286cff43bd659d3454fa99affdf,2025-05-31,140,2,1000,Cash,15000,0,,,,,,,,
05bba771603760ad5dcab9d8d6d62a5b,2025-05-31,141,1,1100,Accounts Receivable,0,5950,4,Delta Services Inc.,inv0034,,,,,
964526bd434f44ac527b46cf757d115f,2025-05-31,141,2,1000,Cash,5950,0,,,,,,,,
a0d87a63d20d50b8408d44277e0c0c77,2025-05-31,142,1,1100,Accounts Receivable,0,7700,5,Evergreen Distributors,inv0035,,,,,
c37d2260c1bf2b45009ebda7413c8d65,2025-05-31,142,2,1000,Cash,7700,0,,,,,,,,
27234f276b682ade3b0584ba27c4a05a,2025-05-31,143,1,1100,Accounts Receivable,0,10000,6,Falcon Technologies,inv0026,,,,,
1365d78935eda435c5687b9c622dfedb,2025-05-31,143,2,1000,Cash,10000,0,,,,,,,,
70034c67cb3ae84be5d6c8f8ea6bbf90,2025-05-31,144,1,1100,Accounts Receivable,0,31000,7,Grandline Logistics,inv0017,,,,,
358bd122adebc74974f85dcab6ebda80,2025-05-31,144,2,1000,Cash,31000,0,,,,,,,,
35568fc4c39d208508c27ef1c996e562,2025-05-31,145,1,1100,Accounts Receivable,0,20500,8,Horizon Foods,inv0038,,,,,
1dd36adb54e8c7b9e19cfd1bcb8ca5c0,2025-05-31,145,2,1000,Cash,20500,0,,,,,,,,
9701cbdb19bf445ea76d0e62d59fa6eb,2025-05-31,146,1,1100,Accounts Receivable,0,11000,9,Inspire Consulting,inv0039,,,,,
48b44a6d1e1cfc02062557f70de0dd2f,2025-05-31,146,2,1000,Cash,11000,0,,,,,,,,
a13136bd5187c86748a0570b2f033186,2025-05-31,147,1,1100,Accounts Receivable,0,7800,10,Jetstream Media,inv0040,,,,,
fe5e36bb9faae228155c8417bec58ab1,2025-05-31,147,2,1000,Cash,7800,0,,,,,,,,
b32ac3b1364ebd9574545d1da65acb9e,2025-05-31,148,1,1100,Accounts Receivable,9300,0,1,Alpha Retail Co.,inv0041,,,,30,2025-06-30
ee98ea08a289dbbe5346630e185d95e2,2025-05-31,148,2,3000,Revenue,0,9300,1,Alpha Retail Co.,,,,,,
07c709a5a56eb43240349e675d9c0727,2025-05-31,149,1,1100,Accounts Receivable,12200,0,2,Beta Solutions Ltd.,inv0042,,,,30,2025-06-30
4154fa67219f2d5ad92222fdc5b68723,2025-05-31,149,2,3000,Revenue,0,12200,2,Beta Solutions Ltd.,,,,,,
f0a62d9af41bfc6070d326668263345d,2025-05-31,150,1,1100,Accounts Receivable,14300,0,3,Clearview Trading,inv0043,,,,60,2025-07-31
518f00610ac2c0fffd36b7767de9face,2025-05-31,150,2,3000,Revenue,0,14300,3,Clearview Trading,,,,,,
de9b21b3e7a58e298dec17f1a7131bd3,2025-05-31,151,1,1100,Accounts Receivable,6200,0,4,Delta Services Inc.,inv0044,,,,30,2025-06-30
3c5314f6fe1138aa5eb0066883620858,2025-05-31,151,2,3000,Revenue,0,6200,4,Delta Services Inc.,,,,,,
060c2158f5ed21e81b80ff807c95ffc7,2025-05-31,152,1,1100,Accounts Receivable,7700,0,5,Evergreen Distributors,inv0045,,,,30,2025-06-30
a27878b313cdf533e9e5b5d8516c8b22,2025-05-31,152,2,3000,Revenue,0,7700,5,Evergreen Distributors,,,,,,
c6ea08c5a2b53909b8fe3c2aba470b0d,2025-05-31,153,1,1100,Accounts Receivable,12000,0,6,Falcon Technologies,inv0046,,,,60,2025-07-31
549746e3d407acc7fa043009e42217cd,2025-05-31,153,2,3000,Revenue,0,12000,6,Falcon Technologies,,,,,,
aa0cc349b88f3f4f164cb623064ab385,2025-05-31,154,1,1100,Accounts Receivable,28200,0,7,Grandline Logistics,inv0047,,,,90,2025-08-31
9cef7d130fcb3bda6424efe35e10c518,2025-05-31,154,2,3000,Revenue,0,28200,7,Grandline Logistics,,,,,,
5cd46d96fb60569750275376e5252d38,2025-05-31,155,1,1100,Accounts Receivable,20300,0,8,Horizon Foods,inv0048,,,,30,2025-06-30
062668b12310be69e989a74f409a28a5,2025-05-31,155,2,3000,Revenue,0,20300,8,Horizon Foods,,,,,,
c8dafc5506a3d9d8b3c3dd7b3cd21d93,2025-05-31,156,1,1100,Accounts Receivable,12000,0,9,Inspire Consulting,inv0049,,,,30,2025-06-30
f5b826cf36996545676f2709ce69a571,2025-05-31,156,2,3000,Revenue,0,12000,9,Inspire Consulting,,,,,,
c0248266287c6b7e85531c18cbca3f44,2025-05-31,157,1,1100,Accounts Receivable,8000,0,10,Jetstream Media,inv0050,,,,30,2025-06-30
06a9f340fe0fc72d58e4715ac9d866ce,2025-05-31,157,2,3000,Revenue,0,8000,10,Jetstream Media,,,,,,
82ab9b9e1cbc50cfdd5b2dc3a7cc5e38,2025-05-31,158,1,2000,Accounts Payable,4300,0,,,,1,Apex Supply Co.,pay0031,,
038fd1853a0ec02ab65441df1b4df287,2025-05-31,158,2,1000,Cash,0,4300,,,,,,,,
fb1154bc23d5bb543bf4c6f96e7143da,2025-05-31,159,1,2000,Accounts Payable,5200,0,,,,2,Bluewave Materials,pay0032,,
4c6ee7844b4adcfe085ba33b5c1bb27c,2025-05-31,159,2,1000,Cash,0,5200,,,,,,,,
f22e06477dcd731dd90fc6e55c5b7020,2025-05-31,160,1,2000,Accounts Payable,5100,0,,,,3,Crestline Partners,pay0033,,
6e1dda9c3aa95b78957547f3ca413702,2025-05-31,160,2,1000,Cash,0,5100,,,,,,,,
eb85e34c324df7f442e093f905546d36,2025-05-31,161,1,2000,Accounts Payable,4850,0,,,,4,Dynamic Components,pay0034,,
e06e935e811ad420fceb3fa520a9ba79,2025-05-31,161,2,1000,Cash,0,4850,,,,,,,,
3d7e64c1854c077c379efb992655be8b,2025-05-31,162,1,2000,Accounts Payable,5950,0,,,,5,Elite Resources,pay0035,,
3e74484a5978d28f9e2d716fede5cf4b,2025-05-31,162,2,1000,Cash,0,5950,,,,,,,,
851f8fd7010a3a7172167a81fd998eb4,2025-05-31,163,1,2000,Accounts Payable,4500,0,,,,6,Frontier Systems,pay0036,,
51ca3dcae3f951fb48a53bc80077a33a,2025-05-31,163,2,1000,Cash,0,4500,,,,,,,,
d4831c677d05035ff609b1eae7e1ff46,2025-05-31,164,1,2000,Accounts Payable,4100,0,,,,7,Greenfield Traders,pay0037,,
5b47c74dcf81105dbe3370477659309a,2025-05-31,164,2,1000,Cash,0,4100,,,,,,,,
8eaea073cd5867d032a3639041cbe897,2025-05-31,165,1,2000,Accounts Payable,4450,0,,,,8,Helios Services,pay0038,,
7e73da919792ada777b741060b14656a,2025-05-31,165,2,1000,Cash,0,4450,,,,,,,,
ec5631b268b3b76fde3f43000db66695,2025-05-31,166,1,2000,Accounts Payable,5500,0,,,,9,Ironclad Equipments,pay0039,,
0ac51dd6e8990f44fffcfc648446f42e,2025-05-31,166,2,1000,Cash,0,5500,,,,,,,,
1a49299fddb84a03e9dcc3c32c594363,2025-05-31,167,1,2000,Accounts Payable,5250,0,,,,10,Jupiter Supplies,pay0040,,
bd01ef0259740715715cc3a8c72a2037,2025-05-31,167,2,1000,Cash,0,5250,,,,,,,,
8151ba0ce2d02411adfc728088921ecf,2025-05-31,168,1,2000,Accounts Payable,0,4400,,,,1,Apex Supply Co.,pay0041,30,2025-06-30
e794527f7ca30113ba43ad6bfe1fd3e9,2025-05-31,168,2,4000,Expenses,4400,0,,,,1,Apex Supply Co.,,,
d0ab393a4c6f217bfbb96a01023b9432,2025-05-31,169,1,2000,Accounts Payable,0,5000,,,,2,Bluewave Materials,pay0042,30,2025-06-30
d400f1d70f69c057cf23846834d554ba,2025-05-31,169,2,4000,Expenses,5000,0,,,,2,Bluewave Materials,,,
907796232666c4ed039319a775ce5e43,2025-05-31,170,1,2000,Accounts Payable,0,5100,,,,3,Crestline Partners,pay0043,30,2025-06-30
0f06a0e6bae1aa8db24f547dc647a6f8,2025-05-31,170,2,4000,Expenses,5100,0,,,,3,Crestline Partners,,,
242b9f5114acb1d6ee358e8f271f1fda,2025-05-31,171,1,2000,Accounts Payable,0,5100,,,,4,Dynamic Components,pay0044,30,2025-06-30
21378cbdee1437a45ebfd851fac4c3a2,2025-05-31,171,2,4000,Expenses,5100,0,,,,4,Dynamic Components,,,
fa713f079aaebef08f296ac7aeaed55f,2025-05-31,172,1,2000,Accounts Payable,0,6200,,,,5,Elite Resources,pay0045,30,2025-06-30
5e54ec29932c7a8182ac29377833398c,2025-05-31,172,2,4000,Expenses,6200,0,,,,5,Elite Resources,,,
a97cedd0909b42ad289076fb501f1557,2025-05-31,173,1,2000,Accounts Payable,0,4100,,,,6,Frontier Systems,pay0046,30,2025-06-30
68d02511a6ce476bdafdf3f3be2a2651,2025-05-31,173,2,4000,Expenses,4100,0,,,,6,Frontier Systems,,,
93cb50a4199b865d519016de2a0f3ace,2025-05-31,174,1,2000,Accounts Payable,0,4100,,,,7,Greenfield Traders,pay0047,30,2025-06-30
3c769b3e68ea0c8d855a37764ff32c53,2025-05-31,174,2,4000,Expenses,4100,0,,,,7,Greenfield Traders,,,
3bc1474d9c29bfb66df4dde42b25a2b3,2025-05-31,175,1,2000,Accounts Payable,0,4650,,,,8,Helios Services,pay0048,30,2025-06-30
1822eca85ae08f8b68eb412ca78c35f1,2025-05-31,175,2,4000,Expenses,4650,0,,,,8,Helios Services,,,
3e343fce3e02abb8272963d708126bd2,2025-05-31,176,1,2000,Accounts Payable,0,5400,,,,9,Ironclad Equipments,pay0049,30,2025-06-30
d0e6f058f0720da8e0cce6e58689a779,2025-05-31,176,2,4000,Expenses,5400,0,,,,9,Ironclad Equipments,,,
2a85cfe303d765b1b5ba4019a58887bd,2025-05-31,177,1,2000,Accounts Payable,0,5300,,,,10,Jupiter Supplies,pay0050,30,2025-06-30
6c807027b3998f7ace21b46223c78a32,2025-05-31,177,2,4000,Expenses,5300,0,,,,10,Jupiter Supplies,,,
68a3fa2497416f83bc8e95c53d62dc12,2025-06-30,178,1,1100,Accounts Receivable,0,9300,1,Alpha Retail Co.,inv0041,,,,,
9e8da87a174a12fecb06071484dd04a8,2025-06-30,178,2,1000,Cash,9300,0,,,,,,,,
69b04dd6e473ebe29db2368de7f8994d,2025-06-30,179,1,1100,Accounts Receivable,0,14300,3,Clearview Trading,inv0033,,,,,
633adf233677c3556fac044792cfbda2,2025-06-30,179,2,1000,Cash,14300,0,,,,,,,,
02aefcb58184fce33579190b610e8379,2025-06-30,180,1,1100,Accounts Receivable,0,6200,4,Delta Services Inc.,inv0044,,,,,
7960e4544976a47052f73c7fbfad0cf7,2025-06-30,180,2,1000,Cash,6200,0,,,,,,,,
53ecacec20d265dba2daf3584e9de355,2025-06-30,181,1,1100,Accounts Receivable,0,7700,5,Evergreen Distributors,inv0045,,,,,
d99be2ae1cdb541473867f015459ac21,2025-06-30,181,2,1000,Cash,7700,0,,,,,,,,
a6ff2e6faa381448331039b670f5d4b9,2025-06-30,182,1,1100,Accounts Receivable,0,29000,7,Grandline Logistics,inv0027,,,,,
97c2720463aabf5f0b673c35b4c6e8a3,2025-06-30,182,2,1000,Cash,29000,0,,,,,,,,
326da5f53f99f404aa88991f8a16cc46,2025-06-30,183,1,1100,Accounts Receivable,0,20300,8,Horizon Foods,inv0048,,,,,
7b5cc18ce3327e537b35d62f26078799,2025-06-30,183,2,1000,Cash,20300,0,,,,,,,,
c0364fd643ddb5827b31756e3bbae9e8,2025-06-30,184,1,1100,Accounts Receivable,0,12000,9,Inspire Consulting,inv0049,,,,,
1ac0bee6a9c4a9d4a5316162e2d0496c,2025-06-30,184,2,1000,Cash,12000,0,,,,,,,,
8592ba190ca0b031d5ddcc10946571a0,2025-06-30,185,1,1100,Accounts Receivable,0,8000,10,Jetstream Media,inv0050,,,,,
59dd4e30d9d27d9f72df72da07a5726b,2025-06-30,185,2,1000,Cash,8000,0,,,,,,,,
c97b78e5b4f3598eaf89ef0e28cb9275,2025-06-30,186,1,1100,Accounts Receivable,9300,0,1,Alpha Retail Co.,inv0051,,,,30,2025-07-31
bf3e452948cce0587b8c4b4f7be1b11c,2025-06-30,186,2,3000,Revenue,0,9300,1,Alpha Retail Co.,,,,,,
70c15388fe65f90b55e2d40ececf3333,2025-06-30,187,1,1100,Accounts Receivable,12200,0,2,Beta Solutions Ltd.,inv0052,,,,30,2025-07-31
4b2ecd52ac695ae906d0da1cabcb0ebf,2025-06-30,187,2,3000,Revenue,0,12200,2,Beta Solutions Ltd.,,,,,,
1cf5ac0ffe9cfaba559a2bc8ec605bb9,2025-06-30,188,1,1100,Accounts Receivable,14300,0,3,Clearview Trading,inv0053,,,,60,2025-08-31
c5e531a9dab6b6e6d16a3ee4e3c4b0f7,2025-06-30,188,2,3000,Revenue,0,14300,3,Clearview Trading,,,,,,
5cdc6c1851cf6965365282f5f5f8ca49,2025-06-30,189,1,1100,Accounts Receivable,6200,0,4,Delta Services Inc.,inv0054,,,,30,2025-07-31
04a3b36bbacf8ea1e43008e05633deb4,2025-06-30,189,2,3000,Revenue,0,6200,4,Delta Services Inc.,,,,,,
b696a0f950f80b43618543a12884cbab,2025-06-30,190,1,1100,Accounts Receivable,7700,0,5,Evergreen Distributors,inv0055,,,,30,2025-07-31
f621822e80e58c73046e68a08f0a6f74,2025-06-30,190,2,3000,Revenue,0,7700,5,Evergreen Distributors,,,,,,
c44cc87512830817d4ab3ed22f0de906,2025-06-30,191,1,1100,Accounts Receivable,12000,0,6,Falcon Technologies,inv0056,,,,60,2025-08-31
ab5e9f8fd9025dbefc3d099df6707682,2025-06-30,191,2,3000,Revenue,0,12000,6,Falcon Technologies,,,,,,
922a5c51f3a30bb70563f88cde18e004,2025-06-30,192,1,1100,Accounts Receivable,18300,0,7,Grandline Logistics,inv0057,,,,90,2025-09-30
a681c605fa03a6d0b6eb389ddb0c93a4,2025-06-30,192,2,3000,Revenue,0,18300,7,Grandline Logistics,,,,,,
9845c34f3625bead89abe15140477c3a,2025-06-30,193,1,1100,Accounts Receivable,20300,0,8,Horizon Foods,inv0058,,,,30,2025-07-31
ea3a43860cea25f3395d42e1fcf556eb,2025-06-30,193,2,3000,Revenue,0,20300,8,Horizon Foods,,,,,,
d1f92e3dcf3ae0cf3599580f2080d9ae,2025-06-30,194,1,1100,Accounts Receivable,12000,0,9,Inspire Consulting,inv0059,,,,30,2025-07-31
14f16b47269052db7f20a411a36fc75d,2025-06-30,194,2,3000,Revenue,0,12000,9,Inspire Consulting,,,,,,
3859dcb67e4c3acbf6e8be9ffb4faca0,2025-06-30,195,1,1100,Accounts Receivable,8000,0,10,Jetstream Media,inv0060,,,,30,2025-07-31
ed97bed1028abfc65cc78879e98d1e29,2025-06-30,195,2,3000,Revenue,0,8000,10,Jetstream Media,,,,,,
4a9c8910161f157c729f5a74beba2c1e,2025-06-30,196,1,2000,Accounts Payable,4400,0,,,,1,Apex Supply Co.,pay0041,,
f7d8fe2e4cf1ef3103f69c207b823b7d,2025-06-30,196,2,1000,Cash,0,4400,,,,,,,,
5f5004ebe48cd9826f3bec8c26a38581,2025-06-30,197,1,2000,Accounts Payable,5000,0,,,,2,Bluewave Materials,pay0042,,
df592aa07b4abe21bd7fe83e28e89cab,2025-06-30,197,2,1000,Cash,0,5000,,,,,,,,
49c8ee42badb3d772c95b919a98684c1,2025-06-30,198,1,2000,Accounts Payable,5100,0,,,,3,Crestline Partners,pay0043,,
bfc05c4be44ec4780f2a056cd7802d11,2025-06-30,198,2,1000,Cash,0,5100,,,,,,,,
8a106bbbfa36252bc873c6e51adecbd5,2025-06-30,199,1,2000,Accounts Payable,5100,0,,,,4,Dynamic Components,pay0044,,
b96d63da6877510ecd27a7ad52d983f7,2025-06-30,199,2,1000,Cash,0,5100,,,,,,,,
d68a84089c65610912c9039757d8d80b,2025-06-30,200,1,2000,Accounts Payable,6200,0,,,,5,Elite Resources,pay0045,,
6d2b965cba79c60e4a33e97d75756351,2025-06-30,200,2,1000,Cash,0,6200,,,,,,,,
028892d47f1bfeafbba3635655ca4ede,2025-06-30,201,1,2000,Accounts Payable,4100,0,,,,6,Frontier Systems,pay0046,,
61163d6777c7e8b23c1ee0f8a39a4d7f,2025-06-30,201,2,1000,Cash,0,4100,,,,,,,,
b06e66481b57feef73f1aff991da6dde,2025-06-30,202,1,2000,Accounts Payable,4100,0,,,,7,Greenfield Traders,pay0047,,
5f6c65beb36a6817071815ab8af0c3a2,2025-06-30,202,2,1000,Cash,0,4100,,,,,,,,
cc972dbd39f60ad66b08da2d7f8eab00,2025-06-30,203,1,2000,Accounts Payable,4650,0,,,,8,Helios Services,pay0048,,
4a1fa0a7613369f94fdfc1e056671b07,2025-06-30,203,2,1000,Cash,0,4650,,,,,,,,
c46932e5d10b2416d2d4425bcdc27acf,2025-06-30,204,1,2000,Accounts Payable,5300,0,,,,10,Jupiter Supplies,pay0050,,
cb6a1877baed057b82ce24d80a1ddb82,2025-06-30,204,2,1000,Cash,0,5300,,,,,,,,
4b555892818d741dbde7deb8d6990f5b,2025-06-30,205,1,2000,Accounts Payable,0,4500,,,,1,Apex Supply Co.,pay0051,30,2025-07-31
2dcc5fc1694ed6cca5a9c735d4f1abc2,2025-06-30,205,2,4000,Expenses,4500,0,,,,1,Apex Supply Co.,,,
f977dc94938a66f4e717b270bf03eff4,2025-06-30,206,1,2000,Accounts Payable,0,5200,,,,2,Bluewave Materials,pay0052,30,2025-07-31
5203ef99e73036af482b44171f3b756c,2025-06-30,206,2,4000,Expenses,5200,0,,,,2,Bluewave Materials,,,
63075446d3f066a0e07fcf043e8f0712,2025-06-30,207,1,2000,Accounts Payable,0,4900,,,,3,Crestline Partners,pay0053,30,2025-07-31
df1d54f11a781cc481c2290f7b4fd38b,2025-06-30,207,2,4000,Expenses,4900,0,,,,3,Crestline Partners,,,
1234bd83bf133b2ed24e871c4a0f0cb2,2025-06-30,208,1,2000,Accounts Payable,0,4500,,,,4,Dynamic Components,pay0054,30,2025-07-31
e2fd90913e0008c4fea92ff8c34c5112,2025-06-30,208,2,4000,Expenses,4500,0,,,,4,Dynamic Components,,,
35dfa2c103eb2eb5445519f91c60df43,2025-06-30,209,1,2000,Accounts Payable,0,7000,,,,5,Elite Resources,pay0055,30,2025-07-31
6de143dfe4313eab934b04e3039aaf51,2025-06-30,209,2,4000,Expenses,7000,0,,,,5,Elite Resources,,,
0c8c9f6121a3984792995bbda21f65eb,2025-06-30,210,1,2000,Accounts Payable,0,4200,,,,6,Frontier Systems,pay0056,30,2025-07-31
71a202f7a27854ff9b65fa802473920e,2025-06-30,210,2,4000,Expenses,4200,0,,,,6,Frontier Systems,,,
7b25286e09850484a9b0215bf1cab4c3,2025-06-30,211,1,2000,Accounts Payable,0,4100,,,,7,Greenfield Traders,pay0057,30,2025-07-31
562ab27ac34a6165b926a33731264064,2025-06-30,211,2,4000,Expenses,4100,0,,,,7,Greenfield Traders,,,
3ca49b5dda09eeaea22351f051d8a0df,2025-06-30,212,1,2000,Accounts Payable,0,4500,,,,8,Helios Services,pay0058,30,2025-07-31
be941f7e5bc5249fffc99fdeca0d8659,2025-06-30,212,2,4000,Expenses,4500,0,,,,8,Helios Services,,,
96f9d60ee386f274522fa2084ddfda1c,2025-06-30,213,1,2000,Accounts Payable,0,5500,,,,9,Ironclad Equipments,pay0059,30,2025-07-31
63ff0ba30db5702b8557b9e1b3d72eb9,2025-06-30,213,2,4000,Expenses,5500,0,,,,9,Ironclad Equipments,,,
15cc3f6e771ad74da2b77c578f33ff60,2025-06-30,214,1,2000,Accounts Payable,0,5150,,,,10,Jupiter Supplies,pay0060,30,2025-07-31
7b8438164fb48b564cb4bc067b8cf59b,2025-06-30,214,2,4000,Expenses,5150,0,,,,10,Jupiter Supplies,,,
